{"@p_zhukovskiy": [0, 0], "@BolshoymozgBolshieizviliny": [0.37999999999999995, 0], "@back404": [0.45000000000000007, 0]}